,OFFER,RETAILER,BRAND,PRODUCT_CATEGORY,IS_CHILD_CATEGORY_TO
0,12 Pack OR 2 Liter AND Whole Pizza Pie at Casey's,CASEYS GENERAL STORE,CASEYS GENERAL STORE,"Cooking & Baking, Frozen Pizza & Pizza Snacks",
1,12 Pack OR 2 Liter AND Whole Pizza at Casey's,CASEYS GENERAL STORE,CASEYS GENERAL STORE,"Cooking & Baking, Frozen Pizza & Pizza Snacks",
2,12 pack OR 2 liter AND Whole Pizza at Casey's,CASEYS GENERAL STORE,CASEYS GENERAL STORE,"Cooking & Baking, Frozen Pizza & Pizza Snacks",
3,2 Pack OR 2 Liter AND Whole Pizza at Casey's,CASEYS GENERAL STORE,CASEYS GENERAL STORE,"Cooking & Baking, Frozen Pizza & Pizza Snacks",
4,:ratio™ KETO* Friendly Cereal OR Granola,,RATIO,"Yogurt, Cereal, Granola, & Toaster Pastries, Nuts & Seeds",
5,"Adult Astepro® Allergy, 22 count at Dollar General",DOLLAR GENERAL STORE,ASTEPRO,Medicines & Treatments,Health & Wellness
6,AleveX™ at Walmart,WALMART,ALEVE,Medicines & Treatments,Health & Wellness
7,"Aleve® products AND AleveX™, select varieties, at Walmart",WALMART,ALEVE,Medicines & Treatments,Health & Wellness
8,"Aleve® products, select varieties, 80 count+ at Walmart",WALMART,ALEVE,Medicines & Treatments,Health & Wellness
9,"André® California, Champagne OR Sparkling Wines, 750mL bottle",,ANDRE,Wine,Alcohol
10,Any ACME receipt,ACME,ACME,Medicines & Treatments,Health & Wellness
11,Any Albertsons receipt,ALBERTSONS,ALBERTSONS,Candy,Snacks
12,"Any General Mills™ products, buy 2
Good Rewards Members Only",,ANNIES HOMEGROWN GROCERY,"Cheese, Crackers, Fruit & Vegetable Snacks, Dressings, Cooking & Baking, Refrigerated Doughs, Packaged Vegetables, Frozen Meals, Chips, Frozen Pizza & Pizza Snacks, Cereal, Granola, & Toaster Pastries, Bread, Frozen Breakfast, Cookies, Soup & Broth",
13,"Any General Mills™ products, spend $30",,ANNIES HOMEGROWN,,
14,"Any General Mills™ products, spend $50",,ANNIES HOMEGROWN,,
15,"Any General Mills™ products, spend $60",,ANNIES HOMEGROWN,,
16,Any Pavilions receipt,PAVILIONS,PAVILIONS,Cooking & Baking,Pantry
17,Any Randalls receipt,RANDALLS,RANDALLS,,
18,Any Randalls receipt,RANDALLS FOOD MARKETS,RANDALLS,,
19,Any Safeway receipt,SAFEWAY,SAFEWAY,Candy,Snacks
20,Any Shaw's receipt,SHAWS,SHAWS,Cooking & Baking,Pantry
21,Any Star Market receipt,STAR MARKET,STAR MARKET,Cooking & Baking,Pantry
22,Any Tom Thumb receipt,TOM THUMB,TOM THUMB,,
23,Any Vons receipt,VONS,VONS,Spirits,Alcohol
24,"Arber, at Target",TARGET,ARBER,,
25,"Arber, at Walmart",WALMART,ARBER,,
26,"Arbos Cheese Dip, 12 ounce, buy at Central Market",CENTRAL MARKET,ARBOS,,
27,"Arnold, Brownberry, Oroweat® Keto bread, buy 2",,ARNOLD BROWNBERRY OROWEAT,"Bread, Prepared Meals, Bakery",
28,"Arnold, Brownberry, Oroweat® Small Slice bread, at Walmart",WALMART,ARNOLD BROWNBERRY OROWEAT,"Bread, Prepared Meals, Bakery",
29,Arnold® Grains Almighty,,ARNOLD BROWNBERRY OROWEAT,"Bread, Prepared Meals, Bakery",
30,"Artesano® buns, buy 2 at Walmart®",WALMART,SARA LEE ARTESANO,"Bakery, Bread",
31,"Back to the Roots Dry Plant Food, 5 pounds, at The Home Depot",THE HOME DEPOT,BACK TO THE ROOTS,Packaged Meals & Sides,Pantry
32,"Back to the Roots Garden Soil, 1 cubic foot, at Lowe's Home Improvement",LOWES HOME IMPROVEMENT,BACK TO THE ROOTS,Packaged Meals & Sides,Pantry
33,Back to the Roots Grow Hydroponic Grow Kit OR Refill Bundle at Walmart,WALMART,BACK TO THE ROOTS,Packaged Meals & Sides,Pantry
34,Back to the Roots Grow Kits at Walmart or The Home Depot,WALMART,BACK TO THE ROOTS,Packaged Meals & Sides,Pantry
35,"Back to the Roots Grow Seed Starting Pots OR Germination Trays, at Walmart or Target",TARGET,BACK TO THE ROOTS,Packaged Meals & Sides,Pantry
36,Back to the Roots Microgreens Grow Kit OR Seed Refill at Walmart,WALMART,BACK TO THE ROOTS,Packaged Meals & Sides,Pantry
37,"Back to the Roots Organic 3-In-1 Seed Starting Mix 12 quart, at Walmart or Target",TARGET,BACK TO THE ROOTS,Packaged Meals & Sides,Pantry
38,"Back to the Roots Organic Kits and Planters, at Target",TARGET,BACK TO THE ROOTS,Packaged Meals & Sides,Pantry
39,"Back to the Roots Potting Mix, 1 cubic foot, at Lowe's Home Improvement",LOWES HOME IMPROVEMENT,BACK TO THE ROOTS,Packaged Meals & Sides,Pantry
40,"Back to the Roots Raised Bed Gardening Kit with Soil, Seeds and Plant Food, at Target",TARGET,BACK TO THE ROOTS,Packaged Meals & Sides,Pantry
41,"Back to the Roots Seeds, at Walmart",WALMART,BACK TO THE ROOTS,Packaged Meals & Sides,Pantry
42,"Back to the Roots Soils, select varieties and sizes, at Lowes",LOWES HOME IMPROVEMENT,BACK TO THE ROOTS,Packaged Meals & Sides,Pantry
43,"Back to the Roots Soils, select varieties and sizes, at Walmart",WALMART,BACK TO THE ROOTS,Packaged Meals & Sides,Pantry
44,"Back to the Roots Soils, select varieties, at Walmart",WALMART,BACK TO THE ROOTS,Packaged Meals & Sides,Pantry
45,"Back to the Roots Soils, select varieties, at Walmart or Lowes",LOWES HOME IMPROVEMENT,BACK TO THE ROOTS,Packaged Meals & Sides,Pantry
46,"Bai® Antioxidant, 6 pack, at Walmart",WALMART,BAI,"Fruit Juices, Water, Drink Mixes, Tea",
47,"Bai® Antioxidant, 6 pack, buy 2 at Walmart",WALMART,BAI,"Fruit Juices, Water, Drink Mixes, Tea",
48,"BallPark® buns, buy 2",,BALL PARK POP UPS,"Bread, Bakery",
49,"Barilla® Pasta, select varieties, buy 2",,BARILLA,"Dry Pasta, Chips, Red Pasta Sauce, Pesto Sauce",
50,Barilla® Pesto Sauce,,BARILLA,"Dry Pasta, Chips, Red Pasta Sauce, Pesto Sauce",
51,"Barilla® pasta, select varieties, buy 2",,BARILLA,"Dry Pasta, Chips, Red Pasta Sauce, Pesto Sauce",
52,"Barilla® pasta, select varieties, buy 3",,BARILLA,"Dry Pasta, Chips, Red Pasta Sauce, Pesto Sauce",
53,"Barilla® pasta, select varieties, buy 4",,BARILLA,"Dry Pasta, Chips, Red Pasta Sauce, Pesto Sauce",
54,Bays® English Muffins,,BAYS,Bread,Pantry
55,"Beech-Nut pouches, buy 8",,BEECHNUT,"Crackers, Fruit & Vegetable Snacks, Nuts & Seeds, Cookies",
56,"Beech-Nut snacks, select varieties",,BEECHNUT,"Crackers, Fruit & Vegetable Snacks, Nuts & Seeds, Cookies",
57,"Ben & Jerry's Frozen Creme Brulee Non Dairy Dessert, 16 ounce",,BEN AND JERRYS,Frozen Desserts,Frozen
58,"Ben & Jerry's Frozen Sugar Cookie Dough Chunks, 8 ounce",,BEN AND JERRYS,Frozen Desserts,Frozen
59,"Ben & Jerry's Wake & No Bake Cookie Dough Ice Cream, 16 ounce",,BEN AND JERRYS,Frozen Desserts,Frozen
60,Ben & Jerry's® Churray For Churros™ Ice Cream,,BEN AND JERRYS,Frozen Desserts,Frozen
61,"Ben & Jerry's® Doggie Desserts, 4 count",,BEN AND JERRYS,Frozen Desserts,Frozen
62,"Ben & Jerry's® Doggie Desserts, 4 ounce, buy 2",,BEN AND JERRYS,Frozen Desserts,Frozen
63,"Ben & Jerry's®, select varieties",,BEN AND JERRYS,Frozen Desserts,Frozen
64,"Ben & Jerry's®, select varieties, spend $12",,BEN AND JERRYS,Frozen Desserts,Frozen
65,"Beyond Meat® Plant-Based products, spend $15",,BEYOND MEAT,"Plant-Based Meat, Frozen Plant-Based Meat, Packaged Meat",
66,"Beyond Meat® Plant-Based products, spend $20",,BEYOND MEAT,"Plant-Based Meat, Frozen Plant-Based Meat, Packaged Meat",
67,"Beyond Meat® Plant-Based products, spend $25",,BEYOND MEAT,"Plant-Based Meat, Frozen Plant-Based Meat, Packaged Meat",
68,"Beyond Steak™ Plant-Based seared tips, 10 ounce at H-E-B",H-E-B,BEYOND MEAT,"Plant-Based Meat, Frozen Plant-Based Meat, Packaged Meat",
69,"Beyond Steak™ Plant-Based seared tips, 10 ounce at Target",TARGET,BEYOND MEAT,"Plant-Based Meat, Frozen Plant-Based Meat, Packaged Meat",
70,"Beyond Steak™ Plant-Based seared tips, 10 ounce, buy 2 at H-E-B",H-E-B,BEYOND MEAT,"Plant-Based Meat, Frozen Plant-Based Meat, Packaged Meat",
71,"Beyond Steak™ Plant-Based seared tips, 10 ounce, buy 2 at Target",TARGET,BEYOND MEAT,"Plant-Based Meat, Frozen Plant-Based Meat, Packaged Meat",
72,"Bimbo® sweet baked goods, buy 2",,BIMBO,"Snack Cakes, Bread, Bakery, Cookies",
73,"Bio-Oil® Skincare Oil OR Gel, select varieties",,BIO OIL,"Skin Care, Cooking & Baking",
74,"Bio-Oil® products, select varieties",,BIO OIL,"Skin Care, Cooking & Baking",
75,Blue Apron Meal Kits,BLUE APRON,BLUE APRON,Cooking & Baking,Pantry
76,"Breyers Reese's Ice Cream, select varieties, at GIANT OR MARTIN’S",MARTINS FOODS,BREYERS,"Frozen Desserts, Frozen Breads & Doughs",
77,Brita® Pitcher AND Filter,,BRITA,"Water, Household Supplies",
78,Brita® Pitcher OR Dispenser,,BRITA,"Water, Household Supplies",
79,Brita® Standard OR Elite Filters,,BRITA,"Water, Household Supplies",
80,"Brownie Brittle® Snacks, select varieties, buy 2",,BROWNIE BRITTLE,"Bakery, Cookies",
81,"Bubbies Pickles, Sauerkraut, OR Condiments at Whole Foods or Sprouts",SPROUTS FARMERS MARKET,BUBBIES,Prepared Meals,Deli & Bakery
82,"Bubbies Pickles, Sauerkraut, and Condiments at Whole Foods or Sprouts",SPROUTS FARMERS MARKET,BUBBIES,Prepared Meals,Deli & Bakery
83,"Burt's Bee's® Facial Wipes, select varieties, 30 count at Walmart",WALMART,BURTS BEES,"Makeup, Skin Care, Hair Removal",
84,"Burt's Bees Sensitive Lotions and Creams, select varieties, at Walmart",WALMART,BURTS BEES,"Makeup, Skin Care, Hair Removal",
85,"Burt's Bees® Sensitive Lotions and Creams, select varieties, at Walmart",WALMART,BURTS BEES,"Makeup, Skin Care, Hair Removal",
86,"Burt's Bees® products, select varieties, at Walmart",WALMART,BURTS BEES,"Makeup, Skin Care, Hair Removal",
87,"Butterball, select varieties, Spend $10 at Ruler Foods",RULER FOODS,BUTTERBALL,"Nut Butters & Jam, Frozen Turkey",
88,"Butterball, select varieties, spend $10 at Dillons Food Store",DILLONS FOOD STORE,BUTTERBALL,"Nut Butters & Jam, Frozen Turkey",
89,"Butterball, select varieties, spend $10 at Food 4 Less",FOOD4LESS,BUTTERBALL,"Nut Butters & Jam, Frozen Turkey",
90,"Butterball, select varieties, spend $10 at Fred Meyer",FRED MEYER,BUTTERBALL,"Nut Butters & Jam, Frozen Turkey",
91,"Butterball, select varieties, spend $10 at Fry's Food Store",FRYS FOOD STORE,BUTTERBALL,"Nut Butters & Jam, Frozen Turkey",
92,"Butterball, select varieties, spend $10 at King Soopers",KING SOOPERS,BUTTERBALL,"Nut Butters & Jam, Frozen Turkey",
93,"Butterball, select varieties, spend $10 at Kroger",KROGER,BUTTERBALL,"Nut Butters & Jam, Frozen Turkey",
94,"Butterball, select varieties, spend $10 at Mariano's",MARIANOS,BUTTERBALL,"Nut Butters & Jam, Frozen Turkey",
95,"Butterball, select varieties, spend $10 at Pick 'n Save OR Metro Market",PICK N SAVE,BUTTERBALL,"Nut Butters & Jam, Frozen Turkey",
96,"Butterball, select varieties, spend $10 at QFC",QFC,BUTTERBALL,"Nut Butters & Jam, Frozen Turkey",
97,"Butterball, select varieties, spend $10 at Ralphs",RALPHS,BUTTERBALL,"Nut Butters & Jam, Frozen Turkey",
98,"Butterball, select varieties, spend $10 at Smith's",SMITHS,BUTTERBALL,"Nut Butters & Jam, Frozen Turkey",
99,CESAR® Wet Dog Food Singles,,CESAR,"Cooking & Baking, Sauces & Marinades, Dog Supplies, Frozen Chicken",
100,"CESAR® Wet Dog Food, spend $20",,CESAR,"Cooking & Baking, Sauces & Marinades, Dog Supplies, Frozen Chicken",
101,"CORE® Hydration, select varieties, at Walmart",WALMART,CORE HYDRATION,Water,Beverages
102,"CORE® Hydration, select varieties, buy 2 at Walmart",WALMART,CORE HYDRATION,Water,Beverages
103,Cameron’s Coffee EcoPods,,CAMERON'S COFFEE,Coffee,Beverages
104,Cheerios™ Oat Crunch Berry Cereal,,CHEERIOS,"Cereal, Granola, & Toaster Pastries",Pantry
105,"Children's Astepro® Allergy, 22 count at Dollar General",DOLLAR GENERAL STORE,ASTEPRO,Medicines & Treatments,Health & Wellness
106,Chosen Foods® Dressings,,CHOSEN FOODS,"Cooking & Baking, Dips & Salsa, Dressings, Condiments",
107,"Chosen Foods® Mayo, select varieties",,CHOSEN FOODS,"Cooking & Baking, Dips & Salsa, Dressings, Condiments",
108,"Colgate® Toothpaste AND Colgate® Toothbrush, select varieties at Walmart or Target",TARGET,COLGATE TOOTHBRUSHES,Oral Care,Health & Wellness
109,"Cooked Perfect® Meatballs, Homestyle OR Turkey, at Walmart",WALMART,COOKED PERFECT,Frozen Chicken,Frozen Meat
110,"Cooked Perfect® Meatballs, at Walmart",WALMART,COOKED PERFECT,Frozen Chicken,Frozen Meat
111,"Coors Light®, Miller Lite® OR VIZZY™ 12 pack+",,VIZZY,"Hard Seltzers, Sodas, Waters, Lemonades & Teas, Malt Beverages",
112,"Coors Light®, Miller Lite® OR VIZZY™ 12 packs+, buy 2",,VIZZY,"Hard Seltzers, Sodas, Waters, Lemonades & Teas, Malt Beverages",
113,"Coors Light®, Miller Lite® OR VIZZY™ 12 packs+, buy 3",,VIZZY,"Hard Seltzers, Sodas, Waters, Lemonades & Teas, Malt Beverages",
114,"Coors Light®, Miller Lite® OR VIZZY™ 12 packs+, buy 4",,VIZZY,"Hard Seltzers, Sodas, Waters, Lemonades & Teas, Malt Beverages",
115,"Coors Light®, Miller Lite® OR VIZZY™ 12 packs+, buy 5",,VIZZY,"Hard Seltzers, Sodas, Waters, Lemonades & Teas, Malt Beverages",
116,Country Crock® Plant Based Butter at Walmart,WALMART,COUNTRY CROCK PLANT BUTTER,Nut Butters & Jam,Pantry
117,Country Crock® Plant Based Cream at Walmart,WALMART,COUNTRY CROCK PLANT BUTTER,Nut Butters & Jam,Pantry
118,"Creativity Street®, spend $10",,CREATIVITY STREET,,
119,"Crunchmaster® Crackers, spend $4",,CRUNCHMASTER,"Crackers, Candy",
120,"DOVE® Chocolate, select sizes, buy 1",,DOVE CHOCOLATE,Candy,Snacks
121,"DOVE® chocolate, select varieties",,DOVE CHOCOLATE,Candy,Snacks
122,Degree for Men OR Women Dry Spray,,DEGREE,Deodorant & Antiperspirant,Health & Wellness
123,"Dixon® Safety Carpenter Pencil, 10 count, at Lowe’s®",LOWES HOME IMPROVEMENT,DIXON,"Cooking & Baking, Makeup",
124,"Dove Hand Wash, select varieties at Target",TARGET,DOVE,"Bath & Body, Deodorant & Antiperspirant, Hair Care, Makeup",
125,"Dove Hand Wash, select varieties, buy 2 at Target",TARGET,DOVE,"Bath & Body, Deodorant & Antiperspirant, Hair Care, Makeup",
126,"Dr Pepper®, Regular OR Zero Sugar Strawberries and Cream 12 pack, at select retailers",UNITED SUPERMARKETS,DR PEPPER,"Carbonated Soft Drinks, Cooking & Baking",
127,"Durex® Massage & Play 2 in 1 Pleasure Gel, select varieties, at Walmart or Target",TARGET,DUREX,"Medicines & Treatments, Sexual Health",
128,"EVOLVE® Plant-Based Protein Shake, 4 count, select varieties, at Whole Foods",WHOLE FOODS MARKET,EVOLVE,"Carbonated Soft Drinks, Meal Replacement Beverages, Frozen Turkey",
129,"EXTRA®, select sizes",,EXTRA,Gum,Candy
130,"EXTRA®, select varieties",,EXTRA,Gum,Candy
131,Egglife Egg White Wraps at Aldi,ALDI,EGGLIFE,Eggs,Dairy
132,Emmy's Organics® Cookies OR Brownie Snaps,,EMMYS POP UP,Cookies,Snacks
133,Envy Apples pre-packed bags,,ENVY,"Sauces & Marinades, Candy",
134,"Envy Apples, pre-packed bags",,ENVY,"Sauces & Marinades, Candy",
135,"Flonase Allergy Relief, at Walmart",WALMART,FLONASE,Medicines & Treatments,Health & Wellness
136,"Fresh Bakery Products at Casey's, select varieties",CASEYS GENERAL STORE,CASEYS GENERAL STORE,"Cooking & Baking, Frozen Pizza & Pizza Snacks",
137,"Fresh Bakery items, select varieties, at Casey's",CASEYS GENERAL STORE,CASEYS GENERAL STORE,"Cooking & Baking, Frozen Pizza & Pizza Snacks",
138,Fresh Step® Outstretch® Cat Litter,,FRESH STEP,"Medicines & Treatments, Bakery, Makeup, Bath & Body, Cooking & Baking, Hair Care",
139,"Fresh bakery item, select varieties, at Casey's",CASEYS GENERAL STORE,CASEYS GENERAL STORE,"Cooking & Baking, Frozen Pizza & Pizza Snacks",
140,Frozen OR Fountain Drink at Casey's,CASEYS GENERAL STORE,CASEYS GENERAL STORE,"Cooking & Baking, Frozen Pizza & Pizza Snacks",
141,Frozen OR Fountain Drink at Casey's ,CASEYS GENERAL STORE,CASEYS GENERAL STORE,"Cooking & Baking, Frozen Pizza & Pizza Snacks",
142,"Frutero Ice Cream, 1 pint",,FRUTERO,"Frozen Desserts, Frozen Fruits",
143,"GATORADE® Fast Twitch®, 12-ounce 12 pack, at Amazon Storefront*",AMAZON,GATORADE,"Sports Drinks, Medicines & Treatments, Meal Replacement Beverages",
144,"GATORADE® Fast Twitch®, 12-ounce single serve",,GATORADE,"Sports Drinks, Medicines & Treatments, Meal Replacement Beverages",
145,"GATORADE® Fast Twitch®, 12-ounce single serve, at Kroger",DILLONS GROCERY,GATORADE,"Sports Drinks, Medicines & Treatments, Meal Replacement Beverages",
146,"GATORADE® Fast Twitch®, 12-ounce single serve, buy 2 at Kroger",FOOD4LESS,GATORADE,"Sports Drinks, Medicines & Treatments, Meal Replacement Beverages",
147,"GATORADE® Fast Twitch®, 12-ounce single serve, buy 2 at Kroger",FRED MEYER,GATORADE,"Sports Drinks, Medicines & Treatments, Meal Replacement Beverages",
148,"GATORLYTE® OR GATORADE™ Fit Single Serve Bottle, select varieties",,GATORADE,"Sports Drinks, Medicines & Treatments, Meal Replacement Beverages",
149,"GATORLYTE® OR GATORADE™ Fit Single Serve Bottle, select varieties, buy 2",,GATORADE,"Sports Drinks, Medicines & Treatments, Meal Replacement Beverages",
150,"GOYA® Adobo Seasoning, 8 ounce+",,GOYA,"Cooking & Baking, Packaged Vegetables, Rice & Grains, Sauces & Marinades, Water, Packaged Meat, Frozen Vegetables, Cookies, Dry Pasta, Bread, Frozen Fruits, Drink Mixes, Soup & Broth, Fruit Juices, Frozen Meals, Frozen Appetizers, Pickled Goods, Malt Beverages, Dips & Salsa, Deli Counter, Milk, Pasta & Noodles, Frozen Chicken, Pudding & Gelatin, Carbonated Soft Drinks, Frozen Seafood, Nut Butters & Jam, Packaged Seafood, Crackers",
151,GOYA® Coconut Water,,GOYA,"Cooking & Baking, Packaged Vegetables, Rice & Grains, Sauces & Marinades, Water, Packaged Meat, Frozen Vegetables, Cookies, Dry Pasta, Bread, Frozen Fruits, Drink Mixes, Soup & Broth, Fruit Juices, Frozen Meals, Frozen Appetizers, Pickled Goods, Malt Beverages, Dips & Salsa, Deli Counter, Milk, Pasta & Noodles, Frozen Chicken, Pudding & Gelatin, Carbonated Soft Drinks, Frozen Seafood, Nut Butters & Jam, Packaged Seafood, Crackers",
152,"General Mills™ products, select brands, spend $35",,ANNIES HOMEGROWN GROCERY,"Cheese, Crackers, Fruit & Vegetable Snacks, Dressings, Cooking & Baking, Refrigerated Doughs, Packaged Vegetables, Frozen Meals, Chips, Frozen Pizza & Pizza Snacks, Cereal, Granola, & Toaster Pastries, Bread, Frozen Breakfast, Cookies, Soup & Broth",
153,"General Mills™ products, select brands, spend $7 at Convenience Stores",,ANNIES HOMEGROWN GROCERY,"Cheese, Crackers, Fruit & Vegetable Snacks, Dressings, Cooking & Baking, Refrigerated Doughs, Packaged Vegetables, Frozen Meals, Chips, Frozen Pizza & Pizza Snacks, Cereal, Granola, & Toaster Pastries, Bread, Frozen Breakfast, Cookies, Soup & Broth",
154,"General Mills™ products, select varieties, spend $12",,ANNIES HOMEGROWN GROCERY,"Cheese, Crackers, Fruit & Vegetable Snacks, Dressings, Cooking & Baking, Refrigerated Doughs, Packaged Vegetables, Frozen Meals, Chips, Frozen Pizza & Pizza Snacks, Cereal, Granola, & Toaster Pastries, Bread, Frozen Breakfast, Cookies, Soup & Broth",
155,"General Mills™ snacks, select brands, spend $10",,BUGLES,Chips,Snacks
156,"George's Farmers Market Chicken Wings, at Sam's Club",SAMS CLUB,GEORGES FARMERS MARKET,,
157,Gillette Venus ® for Pubic Hair & Skin,,GILLETTE VENUS,Hair Removal,Health & Wellness
158,Gillette Venus ® for Pubic Hair & Skin spend $20,,GILLETTE VENUS,Hair Removal,Health & Wellness
159,"Gillette Venus ® for Pubic Hair & Skin, spend $20",,GILLETTE VENUS,Hair Removal,Health & Wellness
160,Glad® ForceFlex Max Strength Trash Bags,,GLAD,"Household Supplies, Prepared Meals, Crackers, Food Storage",
161,"Glad® Trash Bags, 4 OR 8 Gallon",,GLAD,"Household Supplies, Prepared Meals, Crackers, Food Storage",
162,Good Humor Viennetta Frozen Vanilla Cake,,GOOD HUMOR,"Frozen Desserts, Dips & Salsa",
163,"Gorton's Air Fried Butterfly Shrimp, at Walmart",WALMART,GORTONS,"Frozen Seafood, Jerky & Dried Meat, Frozen Meals",
164,Gorton's at select retailers,STOP & SHOP,GORTONS,"Frozen Seafood, Jerky & Dried Meat, Frozen Meals",
165,Gorton's at select retailers,WALMART,GORTONS,"Frozen Seafood, Jerky & Dried Meat, Frozen Meals",
166,"Gorton's, at select retailers",SHOP RITE,GORTONS,"Frozen Seafood, Jerky & Dried Meat, Frozen Meals",
167,"Gorton's, at select retailers",STOP & SHOP,GORTONS,"Frozen Seafood, Jerky & Dried Meat, Frozen Meals",
168,Hellmann's | Best Foods Vegan Dressing or Spread,,HELLMANNS BEST FOODS,"Condiments, Sauces & Marinades, Dressings",
169,Hellmann's® OR Best Foods® AND Sargento® Cheese Slices,,HELLMANNS BEST FOODS,"Condiments, Sauces & Marinades, Dressings",
170,Hellmann's® OR Best Foods® Garlic Aioli OR Spicy Mayonnaise,,HELLMANNS BEST FOODS,"Condiments, Sauces & Marinades, Dressings",
171,"Hidden Valley® Ranch Night Seasoning Mix, 1 count",,HIDDEN VALLEY RANCH,"Dips & Salsa, Sauces & Marinades, Cooking & Baking",
172,"Hidden Valley® Ranch Salad Dressing OR Secret Sauce, select varieties",,HIDDEN VALLEY RANCH,"Dips & Salsa, Sauces & Marinades, Cooking & Baking",
173,"Hidden Valley® Ranch Seasoning Mix Packet, 1 count",,HIDDEN VALLEY RANCH,"Dips & Salsa, Sauces & Marinades, Cooking & Baking",
174,Hidden Valley® Ranch Seasoning Shaker,,HIDDEN VALLEY RANCH,"Dips & Salsa, Sauces & Marinades, Cooking & Baking",
175,"Hidden Valley® Ranch Seasoning, select varieties",,HIDDEN VALLEY RANCH,"Dips & Salsa, Sauces & Marinades, Cooking & Baking",
176,"Häagen-Dazs®, 28 ounce, at GROCERY* stores",,HAAGEN DAZS,Frozen Desserts,Frozen
177,"Jack Link's®, select varieties",,JACK LINKS,Jerky & Dried Meat,Snacks
178,Klondike Cones at Walmart ,WALMART,KLONDIKE,"Frozen Desserts, Frozen Meals",
179,"Klondike Cones, spend $10 at Walmart ",WALMART,KLONDIKE,"Frozen Desserts, Frozen Meals",
180,"Kodiak® products, select varieties, spend $10",,KODIAK CAKES FLAPJACK & WAFFLE MIX,"Cereal, Granola, & Toaster Pastries",Pantry
181,"Kradle, select products, online at Chewy.com",CHEWY,KRADLE,"Cooking & Baking, Dog Supplies",
182,"Kradle, select varieties, at Pet Supplies Plus",PET SUPPLIES PLUS,KRADLE,"Cooking & Baking, Dog Supplies",
183,"Kradle, select varieties, online at Amazon",AMAZON,KRADLE,"Cooking & Baking, Dog Supplies",
184,"Kradle, select varieties, spend $20 at Walmart",WALMART,KRADLE,"Cooking & Baking, Dog Supplies",
185,L'Oreal Paris True Match Foundation at Target,TARGET,LOREAL PARIS COSMETICS,Makeup,Beauty
186,L'Oréal Paris Excellence Hair Color at Target,TARGET,LOREAL PARIS HAIR COLOR,Hair Care,Health & Wellness
187,"L'Oréal Paris Hair color, select varieties, spend $19 at Target",TARGET,LOREAL PARIS HAIR COLOR,Hair Care,Health & Wellness
188,"L'Oréal Paris Hair color, select varieties, spend $25 at Target",TARGET,LOREAL PARIS HAIR COLOR,Hair Care,Health & Wellness
189,"L'Oréal Paris Hair color, select varieties, spend $9 at Target",TARGET,LOREAL PARIS HAIR COLOR,Hair Care,Health & Wellness
190,"L'Oréal Paris Makeup, spend $30 at Target",TARGET,LOREAL PARIS COSMETICS,Makeup,Beauty
191,"L'Oréal Paris Makeup, spend $35 at Target",TARGET,LOREAL PARIS COSMETICS,Makeup,Beauty
192,"L'Oréal Paris Men Expert hair color, spend $19 at Walmart",WALMART,LOREAL PARIS HAIR COLOR,Hair Care,Health & Wellness
193,L'Oréal Paris True Match Foundation at Target,TARGET,LOREAL PARIS COSMETICS,Makeup,Beauty
194,LIFE SAVERS®,,LIFESAVERS,Candy,Snacks
195,"LIFESAVERS®, any size, buy 1",,LIFESAVERS,Candy,Snacks
196,Little Bites® Spend $10 at Walmart®,WALMART,ENTENMANNS,"Snack Cakes, Cookies, Wine, Bakery",
197,"L’Oréal Paris Men Expert hair color, spend $9 at Walmart",WALMART,LOREAL PARIS HAIR COLOR,Hair Care,Health & Wellness
198,"M&M'S® chocolate candies, select varieties",,M&MS,Candy,Snacks
199,"M&M'S®, select sizes, buy 1",,M&MS,Candy,Snacks
200,"MTN DEW® Kickstart, 16-ounce 12 count, select varieties, at Amazon Storefront*",AMAZON,MOUNTAIN DEW,Carbonated Soft Drinks,Beverages
201,"Magnum Non-Dairy Hazelnut Crunch Ice Cream Bars, 3 count",,MAGNUM ICE CREAM,Frozen Desserts,Frozen
202,"Marinela® sweet baked goods, buy 2",,MARINELA,"Cookies, Snack Cakes, Candy",
203,"Michael Angelo's® OR Rao's® Frozen Entrees, spend $10",,RAO'S,"Sauces & Marinades, Dry Pasta, Frozen Meals, Alfredo & White Pasta Sauce, Red Pasta Sauce, Pasta & Noodles, Frozen Pizza & Pizza Snacks",
204,Michael Angelo's® Sauce at Walmart,WALMART,MICHAEL ANGELO'S,"Frozen Meals, Sauces & Marinades",
205,"Molson Coors®, select varieties, 12 Pack+, buy 2",,TOPO CHICO HARD SELTZER,"Hard Seltzers, Sodas, Waters, Lemonades & Teas",Alcohol
206,"Molson Coors®, select varieties, 12 pack+",,COORS LIGHT,"Beer, Makeup",
207,NatuChips® Plantain Chips,,NATUCHIPS,Chips,Snacks
208,Nature Valley™ Protein Granola,,NATURE VALLEY,"Nuts & Seeds, Crackers, Nut Butters & Jam, Cookies, Candy, Cereal, Granola, & Toaster Pastries, Dips & Salsa, Trail Mix, Fruit & Vegetable Snacks, Chips",
209,"ORBIT®, select sizes, buy 1",,ORBIT,Gum,Candy
210,"ORBIT®, select varieties",,ORBIT,Gum,Candy
211,Order from Casey's app or Caseys.com,CASEYS GENERAL STORE,CASEYS GENERAL STORE,"Cooking & Baking, Frozen Pizza & Pizza Snacks",
212,Order online at Zaxbys.com,ZAXBYS,ZAXBYS,,
213,"OxiClean™ Laundry Stain Removers, select varieties at Walmart",WALMART,OXICLEAN,,
214,"PepsiCo® Beverage, 7.5-ounce 10 pack, select varieties, at Amazon Storefront*",AMAZON,PEPSI,Carbonated Soft Drinks,Beverages
215,"PepsiCo® Variety Pack, select varieties, at Amazon Storefront*",AMAZON,PEPSI,Carbonated Soft Drinks,Beverages
216,"Perfect Keto Barista Blend Collagen & MCTs, online at Amazon",AMAZON,PERFECT KETO,"Medicines & Treatments, Nuts & Seeds",
217,"Perfect Keto Bars, online at Amazon",AMAZON,PERFECT KETO,"Medicines & Treatments, Nuts & Seeds",
218,"Perfect Keto Beauty + Sleep Collagen, online at Amazon",AMAZON,PERFECT KETO,"Medicines & Treatments, Nuts & Seeds",
219,"Perfect Keto Collagen Peptides, online at Amazon",AMAZON,PERFECT KETO,"Medicines & Treatments, Nuts & Seeds",
220,"Perfect Keto Exogenous Ketones Powder, online at Amazon",AMAZON,PERFECT KETO,"Medicines & Treatments, Nuts & Seeds",
221,"Perfect Keto MCT Oil Powder, online at Amazon",AMAZON,PERFECT KETO,"Medicines & Treatments, Nuts & Seeds",
222,"Perfect Keto Super Reds, online at Amazon",AMAZON,PERFECT KETO,"Medicines & Treatments, Nuts & Seeds",
223,"Persil® ProClean®, select varieties, at Walmart",WALMART,PERSIL,,
224,"Promised Land Dairy Milk, 52-ounce",,PROMISED LAND DAIRY,Milk,Dairy
225,"Purex® laundry detergent, select varieties, at Walmart",WALMART,PUREX,Laundry Supplies,Household Supplies
226,QUEEN V® The VIP & The Wingwoman Soft Touch Silicone Vibrator at Walmart,WALMART,QUEEN V,,
227,"RESPAWN® by 5® GUM, at Walmart",WALMART,5 GUM,Gum,Candy
228,Rao's® Frozen Pizza,,RAO'S,"Sauces & Marinades, Dry Pasta, Frozen Meals, Alfredo & White Pasta Sauce, Red Pasta Sauce, Pasta & Noodles, Frozen Pizza & Pizza Snacks",
229,"Rao's®, Pasta OR Sauce, spend $10",,RAO'S,"Sauces & Marinades, Dry Pasta, Frozen Meals, Alfredo & White Pasta Sauce, Red Pasta Sauce, Pasta & Noodles, Frozen Pizza & Pizza Snacks",
230,Red Gold Tomato Juice,,RED GOLD,"Cooking & Baking, Sauces & Marinades, Condiments, Dips & Salsa, Drink Mixes",
231,Red Gold Tomato Ketchup,,RED GOLD,"Cooking & Baking, Sauces & Marinades, Condiments, Dips & Salsa, Drink Mixes",
232,"Reese's Chocolate Cones, 8 count at GIANT OR MARTIN’S",GIANT FOOD,KLONDIKE,"Frozen Desserts, Frozen Meals",
233,"Reese's Chocolate Cones, 8 count at GIANT OR MARTIN’S",MARTINS FOODS,KLONDIKE,"Frozen Desserts, Frozen Meals",
234,"Reese's Peanut Butter Bar, 6 count, at GIANT OR MARTIN’S",MARTINS FOODS,GOOD HUMOR,"Frozen Desserts, Dips & Salsa",
235,"Reese's Peanut Butter Bar, 6 count, at GIANT OR MARTIN’S",THE GIANT CO,GOOD HUMOR,"Frozen Desserts, Dips & Salsa",
236,"SKITTLES®, select sizes",,SKITTLES,"Candy, Fruit Juices",
237,"SKITTLES®, select varieties",,SKITTLES,"Candy, Fruit Juices",
238,"SNICKERS® chocolate candy bar, select varieties",,SNICKERS,Candy,Snacks
239,"SNICKERS®, select sizes, buy 1",,SNICKERS,Candy,Snacks
240,"STARBURST®, select sizes, buy 1",,STARBURST,"Candy, Fruit & Vegetable Snacks, Gum",
241,"STARBURST®, select varieties",,STARBURST,"Candy, Fruit & Vegetable Snacks, Gum",
242,"Sara Lee® Delightful bread, buy 2",,SARA LEE,"Bread, Cheese, Bakery, Cereal, Granola, & Toaster Pastries, Frozen Desserts",
243,"Sara Lee® bread select varieties, buy 2",WALMART,SARA LEE,"Bread, Cheese, Bakery, Cereal, Granola, & Toaster Pastries, Frozen Desserts",
244,"Sara Lee® bread, select varieties, buy 2 at Walmart®",WALMART,SARA LEE,"Bread, Cheese, Bakery, Cereal, Granola, & Toaster Pastries, Frozen Desserts",
245,"Sara Lee® or Alfaros® Artesano bread, buy 2",,ALFAROS,"Bakery, Bread",
246,"Sara Lee® or Alfaros® Artesano bread, buy 5",,ALFAROS,"Bakery, Bread",
247,"Sara Lee® or Alfaros® Artesano bread, spend $20",,ALFAROS,"Bakery, Bread",
248,"Sara Lee® or Alfaros® Artesano bread, spend $8",,ALFAROS,"Bakery, Bread",
249,Sargento Product,,SARGENTO,Cheese,Dairy
250,"Sargento Sliced Cheese, spend $12",,SARGENTO,Cheese,Dairy
251,"Sargento Sliced Cheese, spend $18",,SARGENTO,Cheese,Dairy
252,"Sargento Sliced Cheese, spend $25",,SARGENTO,Cheese,Dairy
253,"Sargento® products, select varieties",,SARGENTO,Cheese,Dairy
254,"Sargento® products, select varieties, buy 3",,SARGENTO,Cheese,Dairy
255,Select Beverages AND Prepared Food Item at Casey's,CASEYS GENERAL STORE,CASEYS GENERAL STORE,"Cooking & Baking, Frozen Pizza & Pizza Snacks",
256,Select beverages AND prepared food items at Casey's,CASEYS GENERAL STORE,CASEYS GENERAL STORE,"Cooking & Baking, Frozen Pizza & Pizza Snacks",
257,Shop 2 times at ACME,ACME,ACME,Medicines & Treatments,Health & Wellness
258,Shop 2 times at Albertsons,ALBERTSONS,ALBERTSONS,Candy,Snacks
259,Shop 2 times at Pavilions,PAVILIONS,PAVILIONS,Cooking & Baking,Pantry
260,Shop 2 times at Randalls,RANDALLS,RANDALLS,,
261,Shop 2 times at Randalls,RANDALLS FOOD MARKETS,RANDALLS,,
262,Shop 2 times at Safeway,SAFEWAY,SAFEWAY,Candy,Snacks
263,Shop 2 times at Shaw's,SHAWS,SHAWS,Cooking & Baking,Pantry
264,Shop 2 times at Star Market,STAR MARKET,STAR MARKET,Cooking & Baking,Pantry
265,Shop 2 times at Tom Thumb,TOM THUMB,TOM THUMB,,
266,Shop 2 times at Vons,VONS,VONS,Spirits,Alcohol
267,"SiO® Beauty Patches, online at Siobeauty.com",SIOBEAUTY.COM,SIO BEAUTY,,
268,"Sign up for McAlister's Deli Rewards, tap for details",MCALISTERS DELI,MCALISTERS DELI,"Prepared Meals, Leafy Salads, Tea, Wine, Fruit Juices, Cookies, Carbonated Soft Drinks, Cheese, Chips, Water, Milk, Bakery, Cooking & Baking, Packaged Meals & Sides, Pickled Goods, Soup & Broth, Frozen Chicken, Candy, Dressings, Coffee, Packaged Fruit & Applesauce, Fruit & Vegetable Snacks, Frozen Meals, Sauces & Marinades, Dips & Salsa, Bread, Pasta & Noodles, Frozen Turkey",
269,Sign up for The Club Card or The Club+ Card full-priced membership* (New Members Only),BJS WHOLESALE,BJS WHOLESALE,Cooking & Baking,Pantry
270,Simply Organic Seasoning Mixes OR Spices,,SIMPLY ORGANIC,"Cooking & Baking, Sauces & Marinades",
271,Simply Spiked™ 12 pack+,,SIMPLY SPIKED,"Malt Beverages, Hard Seltzers, Sodas, Waters, Lemonades & Teas",
272,Simply Spiked™ Lemonade 12 pack+,,SIMPLY SPIKED,"Malt Beverages, Hard Seltzers, Sodas, Waters, Lemonades & Teas",
273,Simply Spiked™ Signature Peach 12 pack+,,SIMPLY SPIKED,"Malt Beverages, Hard Seltzers, Sodas, Waters, Lemonades & Teas",
274,"Simply Spiked™ Signature Peach 12-pack or larger, buy 2",,SIMPLY SPIKED,"Malt Beverages, Hard Seltzers, Sodas, Waters, Lemonades & Teas",
275,Sir Kensington's® Condiments,,SIR KENSINGTONS,"Condiments, Sauces & Marinades, Dressings",
276,"Sir Kensington's® Condiments, buy 2",,SIR KENSINGTONS,"Condiments, Sauces & Marinades, Dressings",
277,"Snuggle® Liquid Fabric Softener, at Walmart",WALMART,SNUGGLE,Household Supplies,Household Supplies
278,Sol® 6 pack+,,SOL CERVEZA,Beer,Alcohol
279,Spend $10 at CVS,CVS,CVS,"Medicines & Treatments, Fruit Juices, Cooking & Baking, Skin Care",
280,Spend $10 at KFC,KFC,KFC,,
281,Spend $10 at Nekter,NEKTER JUICE BAR,NEKTER,,
282,Spend $10 at Subway,SUBWAY,SUBWAY,Cooking & Baking,Pantry
283,Spend $10 in-store at Casey's,CASEYS GENERAL STORE,CASEYS GENERAL STORE,"Cooking & Baking, Frozen Pizza & Pizza Snacks",
284,Spend $10 on Casey's branded packaged products,CASEYS GENERAL STORE,CASEYS GENERAL STORE,"Cooking & Baking, Frozen Pizza & Pizza Snacks",
285,Spend $100 at Pavilions,PAVILIONS,PAVILIONS,Cooking & Baking,Pantry
286,Spend $100 at Vons,VONS,VONS,Spirits,Alcohol
287,Spend $110 at Albertsons,ALBERTSONS,ALBERTSONS,Candy,Snacks
288,Spend $110 at Randalls,RANDALLS FOOD MARKETS,RANDALLS,,
289,"Spend $110 on a Full-Priced new Plus Membership and receive an ADDITIONAL 10,000 points",SAMS CLUB,SAMS CLUB,,
290,Spend $115 at Safeway,SAFEWAY,SAFEWAY,Candy,Snacks
291,Spend $115 at Tom Thumb,TOM THUMB,TOM THUMB,,
292,Spend $120 at Star Market,STAR MARKET,STAR MARKET,Cooking & Baking,Pantry
293,Spend $130 at ACME,ACME,ACME,Medicines & Treatments,Health & Wellness
294,Spend $140 at Shaws,SHAWS,SHAWS,Cooking & Baking,Pantry
295,Spend $15 at Burger King,BURGER KING,BURGER KING,Cooking & Baking,Pantry
296,Spend $15 at KFC,KFC,KFC,,
297,Spend $15 at Nekter,NEKTER JUICE BAR,NEKTER,,
298,Spend $15 at Subway,SUBWAY,SUBWAY,Cooking & Baking,Pantry
299,Spend $150 at Vons,VONS,VONS,Spirits,Alcohol
300,Spend $155 at Pavilions,PAVILIONS,PAVILIONS,Cooking & Baking,Pantry
301,Spend $185 at Shaws,SHAWS,SHAWS,Cooking & Baking,Pantry
302,Spend $20 at Dickey's Barbecue Pit,DICKEYS BARBECUE PIT,DICKEYS BARBECUE PIT,,
303,Spend $20 at Farmer Boys,FARMER BOYS,FARMER BOYS,,
304,Spend $20 at KFC,KFC,KFC,,
305,Spend $20 at Zaxby's,ZAXBYS,ZAXBYS,,
306,Spend $210 at Randalls,RANDALLS,RANDALLS,,
307,Spend $210 at Randalls,RANDALLS FOOD MARKETS,RANDALLS,,
308,Spend $210 at Safeway,SAFEWAY,SAFEWAY,Candy,Snacks
309,Spend $220 at Albertsons,ALBERTSONS,ALBERTSONS,Candy,Snacks
310,Spend $220 at Star Market,STAR MARKET,STAR MARKET,Cooking & Baking,Pantry
311,Spend $220 at Tom Thumb,TOM THUMB,TOM THUMB,,
312,Spend $25 at Casey's,CASEYS GENERAL STORE,CASEYS GENERAL STORE,"Cooking & Baking, Frozen Pizza & Pizza Snacks",
313,Spend $25 at Fresh Thyme Market,FRESH THYME MARKET,FRESH THYME MARKET,,
314,Spend $25 at KFC,KFC,KFC,,
315,Spend $25 at Subway,SUBWAY,SUBWAY,Cooking & Baking,Pantry
316,Spend $25 at TGI Friday's,TGI FRIDAYS,TGI FRIDAYS,"Spirits, Malt Beverages",
317,Spend $250 at ACME,ACME,ACME,Medicines & Treatments,Health & Wellness
318,Spend $270 at Pavilions,PAVILIONS,PAVILIONS,Cooking & Baking,Pantry
319,Spend $275 at Vons,VONS,VONS,Spirits,Alcohol
320,Spend $30 at CVS,CVS,CVS,"Medicines & Treatments, Fruit Juices, Cooking & Baking, Skin Care",
321,Spend $30 at Dickey's Barbecue Pit,DICKEYS BARBECUE PIT,DICKEYS BARBECUE PIT,,
322,Spend $300 at Shaws,SHAWS,SHAWS,Cooking & Baking,Pantry
323,Spend $35 at Fresh Thyme Market,FRESH THYME,FRESH THYME MARKET,,
324,Spend $35 at Subway,SUBWAY,SUBWAY,Cooking & Baking,Pantry
325,Spend $35 at TGI Friday's,TGI FRIDAYS,TGI FRIDAYS,"Spirits, Malt Beverages",
326,Spend $40 at Dickey's Barbecue Pit,DICKEYS BARBECUE PIT,DICKEYS BARBECUE PIT,,
327,Spend $40 at Farmer Boys,FARMER BOYS,FARMER BOYS,,
328,Spend $40 at KFC,KFC,KFC,,
329,Spend $45 at TGI Friday's,TGI FRIDAYS,TGI FRIDAYS,"Spirits, Malt Beverages",
330,Spend $45 at Zaxby's,ZAXBYS,ZAXBYS,,
331,Spend $5 in-store at Casey's,CASEYS GENERAL STORE,CASEYS GENERAL STORE,"Cooking & Baking, Frozen Pizza & Pizza Snacks",
332,Spend $5 on brisket mac & cheese sandwich OR other single-serve prepared food item,CASEYS GENERAL STORE,CASEYS GENERAL STORE,"Cooking & Baking, Frozen Pizza & Pizza Snacks",
333,Spend $5 on single-serve prepared food items at Casey's,CASEYS GENERAL STORE,CASEYS GENERAL STORE,"Cooking & Baking, Frozen Pizza & Pizza Snacks",
334,Spend $50 at Chewy.com,CHEWY,CHEWY,,
335,Spend $50 at Fresh Thyme Market,FRESH THYME MARKET,FRESH THYME MARKET,,
336,Spend $50 on a Full-Priced new Club Membership,SAMS CLUB,SAMS CLUB,,
337,Spend $60 at TGI Friday's,TGI FRIDAYS,TGI FRIDAYS,"Spirits, Malt Beverages",
338,Spend $65 at Albertsons,ALBERTSONS,ALBERTSONS,Candy,Snacks
339,Spend $75 at Randalls,RANDALLS,RANDALLS,,
340,Spend $90 at ACME,ACME,ACME,Medicines & Treatments,Health & Wellness
341,Spend $90 at Safeway,SAFEWAY,SAFEWAY,Candy,Snacks
342,Spend $90 at Star Market,STAR MARKET,STAR MARKET,Cooking & Baking,Pantry
343,Spend $90 at Tom Thumb,TOM THUMB,TOM THUMB,,
344,"Squirrel, The Bedside Perch, online at Amazon",AMAZON,SQUIRREL,,
345,"Starry™ Lemon Lime Soda multipacks, at Kroger",DILLONS GROCERY,STARRY,Carbonated Soft Drinks,Beverages
346,"Starry™ Lemon Lime Soda, 7.5-ounce 10 pack, at Amazon Storefront*",AMAZON,STARRY,Carbonated Soft Drinks,Beverages
347,"Stubborn Soda OR Bundaberg Ginger Beer, select varieties, at Amazon Storefront*",AMAZON,STUBBORN SODA,Carbonated Soft Drinks,Beverages
348,"Super Coffee, 12 ounce single serve",,SUPER COFFEE,Coffee,Beverages
349,"Super Coffee, 12 ounce single serve, buy 3",,SUPER COFFEE,Coffee,Beverages
350,"TWIX®, select sizes",,TWIX,"Candy, Cookies",
351,"TWIX®, select varieties",,TWIX,"Candy, Cookies",
352,Talenti Mini Bars,,TALENTI,"Frozen Desserts, Frozen Meals",
353,The Rustik Oven® bread,,RUSTIK OVEN,Bread,Pantry
354,Thomas'® Bagel Thins,,THOMAS,"Bread, Frozen Breakfast, Bakery",
355,"Thomas'® Bagel Thins®, buy 2",,THOMAS,"Bread, Frozen Breakfast, Bakery",
356,"Thomas'®, select varieties, spend $10",,THOMAS,"Bread, Frozen Breakfast, Bakery",
357,Tostitos® Toppers™,,TOSTITOS,"Chips, Dips & Salsa, Sauces & Marinades",
358,"Tru-Ray® Premium Construction Paper, spend $10",,TRURAY,,
359,"Tyson Products, select varieties, spend $15 at Walmart",WALMART,AIDELLS,Packaged Meat,Pantry
360,"Tyson Products, select varieties, spend $20 at Sam's Club",SAMS CLUB,BALL PARK FRANK,"Packaged Meat, Frozen Beef",
361,Visit OR order online from Casey's 3 times,CASEYS GENERAL STORE,CASEYS GENERAL STORE,"Cooking & Baking, Frozen Pizza & Pizza Snacks",
362,Visit OR order online from Casey's 5 times,CASEYS GENERAL STORE,CASEYS GENERAL STORE,"Cooking & Baking, Frozen Pizza & Pizza Snacks",
363,Visit OR order online from Casey's 7 times,CASEYS GENERAL STORE,CASEYS GENERAL STORE,"Cooking & Baking, Frozen Pizza & Pizza Snacks",
364,"Welch's® Fruit 'n Yogurt® Snacks, 18 count, at Walmart",WALMART,WELCHS FRUIT SNACKS,Fruit & Vegetable Snacks,Snacks
365,"Welch's® Fruit Snacks, 250 count, online at Amazon",AMAZON,WELCHS FRUIT SNACKS,Fruit & Vegetable Snacks,Snacks
366,"Welch's® Fruit Snacks, select varieties, 6 count+",,WELCHS FRUIT SNACKS,Fruit & Vegetable Snacks,Snacks
367,"Welch's® Fruit Snacks, select varieties, 6 count+, buy 2",,WELCHS FRUIT SNACKS,Fruit & Vegetable Snacks,Snacks
368,"Welch's® Fruit Snacks, select varieties, 6 count+, buy 3",,WELCHS FRUIT SNACKS,Fruit & Vegetable Snacks,Snacks
369,"Welch's® Juicefuls® Juicy Fruit Snacks, 14 count, at Target",TARGET,WELCHS FRUIT SNACKS,Fruit & Vegetable Snacks,Snacks
370,"Welch's® Juicefuls® Juicy Fruit Snacks, buy 2",,WELCHS FRUIT SNACKS,Fruit & Vegetable Snacks,Snacks
371,"Welch's® Zero Sugar Fruity Bites, 6 pack+, online at Amazon",AMAZON,WELCHS FRUIT SNACKS,Fruit & Vegetable Snacks,Snacks
372,"Welch's®Fruit Snacks, select varieties, buy 2",,WELCHS FRUIT SNACKS,Fruit & Vegetable Snacks,Snacks
373,"Welch's®Fruit Snacks, spend $8",,WELCHS FRUIT SNACKS,Fruit & Vegetable Snacks,Snacks
374,Wesson® Oil Products,,WESSON,Cooking & Baking,Pantry
375,When you join Costco as a Gold Star Member* (New Members Only),COSTCO,COSTCO,,
376,When you join Costco as an Executive Member* (New Members Only),COSTCO,COSTCO,,
377,Whole Pizza Pie at Casey's,CASEYS GENERAL STORE,CASEYS GENERAL STORE,"Cooking & Baking, Frozen Pizza & Pizza Snacks",
378,Whole Pizza at Casey's,CASEYS GENERAL STORE,CASEYS GENERAL STORE,"Cooking & Baking, Frozen Pizza & Pizza Snacks",
379,Whole Pizza at Casey's ,CASEYS GENERAL STORE,CASEYS GENERAL STORE,"Cooking & Baking, Frozen Pizza & Pizza Snacks",
380,Whole pizza at Casey's,CASEYS GENERAL STORE,CASEYS GENERAL STORE,"Cooking & Baking, Frozen Pizza & Pizza Snacks",
381,"Wine from TheBarrelRoom.com, spend $30",GALLO.COM,ALAMOS,Wine,Alcohol
382,Wings OR Cheesy Breadsticks at Casey's,CASEYS GENERAL STORE,CASEYS GENERAL STORE,"Cooking & Baking, Frozen Pizza & Pizza Snacks",
383,Wonderworks™ Keto* Friendly Cereal,,WONDERWORKS,"Cereal, Granola, & Toaster Pastries",Pantry
